cluster,bin,N,R_arcsec,sigma,err_sigma,sigma_r,err_sigma_r,sigma_t,err_sigma_t,Rsun_kpc,rh_l_pc,rh_m_pc,Mass_Msun,RGC_kpc_struct,log_Trh,rc_pc,rt_pc,ARot_kms,PRot_percent,R_pc,R_over_rh_l
NGC0104,1,23,8.0216,0.66,0.071,0.625,0.099,0.715,0.114,4.52,4.03,6.44,852999.9999999999,7.52,9.7,0.61,124.63,5.0,100.0,0.1757817952633747,0.0436183114797455
NGC0104,2,269,16.6106,0.584,0.018,0.574,0.025,0.6,0.026,4.52,4.03,6.44,852999.9999999999,7.52,9.7,0.61,124.63,5.0,100.0,0.3639973432235231,0.0903219213954151
NGC0104,3,386,22.7047,0.595,0.015,0.591,0.021,0.6,0.022,4.52,4.03,6.44,852999.9999999999,7.52,9.7,0.61,124.63,5.0,100.0,0.4975407558238187,0.1234592446212949
NGC0104,4,386,26.6547,0.561,0.014,0.547,0.02,0.577,0.021,4.52,4.03,6.44,852999.9999999999,7.52,9.7,0.61,124.63,5.0,100.0,0.5840993091411533,0.1449377938315516
NGC0104,5,386,30.1497,0.591,0.015,0.588,0.022,0.597,0.021,4.52,4.03,6.44,852999.9999999999,7.52,9.7,0.61,124.63,5.0,100.0,0.6606871936586428,0.1639422316770825
NGC0104,6,386,33.8949,0.569,0.015,0.566,0.021,0.565,0.02,4.52,4.03,6.44,852999.9999999999,7.52,9.7,0.61,124.63,5.0,100.0,0.7427578503381571,0.1843071588928429
NGC0104,7,386,37.4059,0.547,0.014,0.517,0.019,0.572,0.021,4.52,4.03,6.44,852999.9999999999,7.52,9.7,0.61,124.63,5.0,100.0,0.8196963517804766,0.2033985984566939
NGC0104,8,386,40.9867,0.567,0.014,0.558,0.02,0.579,0.021,4.52,4.03,6.44,852999.9999999999,7.52,9.7,0.61,124.63,5.0,100.0,0.8981644195573654,0.2228695830167159
NGC0104,9,386,44.5412,0.561,0.014,0.553,0.02,0.57,0.021,4.52,4.03,6.44,852999.9999999999,7.52,9.7,0.61,124.63,5.0,100.0,0.9760561607640657,0.2421975585022495
NGC0104,10,386,48.1347,0.565,0.014,0.555,0.02,0.574,0.021,4.52,4.03,6.44,852999.9999999999,7.52,9.7,0.61,124.63,5.0,100.0,1.0548025307250382,0.2617376006761881
NGC0104,11,386,51.7444,0.54,0.013,0.547,0.02,0.536,0.019,4.52,4.03,6.44,852999.9999999999,7.52,9.7,0.61,124.63,5.0,100.0,1.1339039003224007,0.2813657320899257
NGC0104,12,386,55.6032,0.555,0.014,0.541,0.019,0.569,0.021,4.52,4.03,6.44,852999.9999999999,7.52,9.7,0.61,124.63,5.0,100.0,1.2184639371682058,0.3023483715057582
NGC0104,13,386,59.1933,0.53,0.013,0.539,0.02,0.522,0.019,4.52,4.03,6.44,852999.9999999999,7.52,9.7,0.61,124.63,5.0,100.0,1.297135801032652,0.3218699258145538
NGC0104,14,386,62.9727,0.55,0.014,0.55,0.02,0.552,0.02,4.52,4.03,6.44,852999.9999999999,7.52,9.7,0.61,124.63,5.0,100.0,1.37995590138899,0.3424208192032233
NGC0104,15,386,66.9185,0.555,0.014,0.594,0.022,0.513,0.019,4.52,4.03,6.44,852999.9999999999,7.52,9.7,0.61,124.63,5.0,100.0,1.4664224177635563,0.3638765304624209
NGC0104,16,386,70.6169,0.548,0.014,0.574,0.021,0.521,0.019,4.52,4.03,6.44,852999.9999999999,7.52,9.7,0.61,124.63,5.0,100.0,1.5474675199379435,0.3839869776520952
NGC0104,17,386,74.9096,0.543,0.014,0.552,0.02,0.533,0.02,4.52,4.03,6.44,852999.9999999999,7.52,9.7,0.61,124.63,5.0,100.0,1.641535849513975,0.407328994916619
NGC0104,18,386,79.1244,0.532,0.013,0.516,0.019,0.542,0.02,4.52,4.03,6.44,852999.9999999999,7.52,9.7,0.61,124.63,5.0,100.0,1.7338971129372407,0.4302474225650721
NGC0104,19,385,83.7639,0.538,0.014,0.556,0.02,0.523,0.019,4.52,4.03,6.44,852999.9999999999,7.52,9.7,0.61,124.63,5.0,100.0,1.835565064358956,0.4554752020741825
NGC0104,20,385,88.941,0.522,0.013,0.551,0.02,0.493,0.018,4.52,4.03,6.44,852999.9999999999,7.52,9.7,0.61,124.63,5.0,100.0,1.9490137444549485,0.4836262393188457
NGC0104,21,385,94.497,0.531,0.014,0.556,0.02,0.506,0.018,4.52,4.03,6.44,852999.9999999999,7.52,9.7,0.61,124.63,5.0,100.0,2.070765471602065,0.5138375860054752
NGC0104,22,385,100.0003,0.512,0.013,0.527,0.019,0.496,0.018,4.52,4.03,6.44,852999.9999999999,7.52,9.7,0.61,124.63,5.0,100.0,2.191362354253024,0.543762370782388
NGC0104,23,385,106.3089,0.499,0.013,0.528,0.019,0.469,0.017,4.52,4.03,6.44,852999.9999999999,7.52,9.7,0.61,124.63,5.0,100.0,2.3296062250018177,0.5780660607944956
NGC0104,24,385,113.4684,0.489,0.013,0.519,0.019,0.458,0.017,4.52,4.03,6.44,852999.9999999999,7.52,9.7,0.61,124.63,5.0,100.0,2.486496342084212,0.6169966109390104
NGC0104,25,385,121.5825,0.486,0.012,0.498,0.018,0.474,0.017,4.52,4.03,6.44,852999.9999999999,7.52,9.7,0.61,124.63,5.0,100.0,2.6643051414442582,0.6611179011027936
NGC0104,26,385,130.1041,0.482,0.012,0.488,0.018,0.479,0.018,4.52,4.03,6.44,852999.9999999999,7.52,9.7,0.61,124.63,5.0,100.0,2.851043715608561,0.7074550162800399
NGC0104,27,385,140.6284,0.475,0.012,0.488,0.018,0.463,0.017,4.52,4.03,6.44,852999.9999999999,7.52,9.7,0.61,124.63,5.0,100.0,3.081668571982644,0.7646820277872566
NGC0104,28,385,158.5868,0.46,0.012,0.465,0.018,0.458,0.017,4.52,4.03,6.44,852999.9999999999,7.52,9.7,0.61,124.63,5.0,100.0,3.475201008411509,0.8623327564296549
NGC0362,1,147,7.1193,0.197,0.008,0.204,0.012,0.189,0.011,8.83,2.21,3.36,252000.0,9.62,9.01,0.43,86.94,0.51,53.0,0.3047701694422224,0.1379050540462544
NGC0362,2,178,12.309,0.195,0.007,0.2,0.011,0.192,0.01,8.83,2.21,3.36,252000.0,9.62,9.01,0.43,86.94,0.51,53.0,0.5269360773761909,0.2384326141973714
NGC0362,3,178,16.1014,0.184,0.007,0.173,0.009,0.198,0.011,8.83,2.21,3.36,252000.0,9.62,9.01,0.43,86.94,0.51,53.0,0.6892849586696724,0.3118936464568653
NGC0362,4,178,19.5568,0.185,0.007,0.189,0.01,0.182,0.01,8.83,2.21,3.36,252000.0,9.62,9.01,0.43,86.94,0.51,53.0,0.837207204324534,0.3788267892871194
NGC0362,5,178,22.6414,0.188,0.007,0.19,0.01,0.187,0.01,8.83,2.21,3.36,252000.0,9.62,9.01,0.43,86.94,0.51,53.0,0.9692558698761302,0.4385773166860318
NGC0362,6,178,25.8596,0.188,0.007,0.195,0.011,0.182,0.01,8.83,2.21,3.36,252000.0,9.62,9.01,0.43,86.94,0.51,53.0,1.1070238188737789,0.5009157551465063
NGC0362,7,178,29.0667,0.192,0.007,0.189,0.01,0.197,0.01,8.83,2.21,3.36,252000.0,9.62,9.01,0.43,86.94,0.51,53.0,1.2443165878845177,0.5630391800382433
NGC0362,8,178,32.3391,0.174,0.007,0.167,0.009,0.18,0.01,8.83,2.21,3.36,252000.0,9.62,9.01,0.43,86.94,0.51,53.0,1.3844047851065375,0.626427504573094
NGC0362,9,178,35.6755,0.179,0.007,0.182,0.01,0.171,0.009,8.83,2.21,3.36,252000.0,9.62,9.01,0.43,86.94,0.51,53.0,1.5272327588296608,0.691055546981747
NGC0362,10,178,39.0979,0.174,0.007,0.177,0.01,0.172,0.009,8.83,2.21,3.36,252000.0,9.62,9.01,0.43,86.94,0.51,53.0,1.673742307226141,0.7573494602833217
NGC0362,11,177,43.1205,0.178,0.007,0.167,0.009,0.184,0.01,8.83,2.21,3.36,252000.0,9.62,9.01,0.43,86.94,0.51,53.0,1.8459458221220275,0.8352696027701481
NGC0362,12,177,47.1062,0.181,0.007,0.188,0.01,0.175,0.01,8.83,2.21,3.36,252000.0,9.62,9.01,0.43,86.94,0.51,53.0,2.0165696846289967,0.9124749704203604
NGC0362,13,177,51.8703,0.167,0.006,0.164,0.009,0.17,0.009,8.83,2.21,3.36,252000.0,9.62,9.01,0.43,86.94,0.51,53.0,2.2205160788306304,1.0047584067106925
NGC0362,14,177,56.6183,0.166,0.006,0.163,0.009,0.169,0.009,8.83,2.21,3.36,252000.0,9.62,9.01,0.43,86.94,0.51,53.0,2.423773248006206,1.0967299764733964
NGC0362,15,177,61.9446,0.161,0.006,0.167,0.009,0.158,0.008,8.83,2.21,3.36,252000.0,9.62,9.01,0.43,86.94,0.51,53.0,2.6517868664097155,1.1999035594614098
NGC0362,16,177,66.9422,0.157,0.006,0.148,0.008,0.168,0.009,8.83,2.21,3.36,252000.0,9.62,9.01,0.43,86.94,0.51,53.0,2.8657291639395925,1.2967100289319424
NGC0362,17,177,72.8894,0.16,0.006,0.155,0.009,0.164,0.009,8.83,2.21,3.36,252000.0,9.62,9.01,0.43,86.94,0.51,53.0,3.120322895304584,1.4119108123550157
NGC0362,18,177,79.0759,0.167,0.007,0.166,0.009,0.165,0.009,8.83,2.21,3.36,252000.0,9.62,9.01,0.43,86.94,0.51,53.0,3.3851608222432312,1.5317469783906024
NGC0362,19,177,90.796,0.144,0.006,0.142,0.008,0.145,0.008,8.83,2.21,3.36,252000.0,9.62,9.01,0.43,86.94,0.51,53.0,3.886886674908492,1.7587722510898154
NGC1261,1,49,3.1141,0.075,0.006,0.077,0.008,0.073,0.008,16.4,3.25,4.86,172000.0,18.28,9.21,1.05,138.12,0.9,86.9,0.2476001260514386,0.0761846541696734
NGC1261,2,131,7.8312,0.073,0.003,0.065,0.004,0.08,0.005,16.4,3.25,4.86,172000.0,18.28,9.21,1.05,138.12,0.9,86.9,0.6226537706348629,0.1915857755799578
NGC1261,3,147,12.0745,0.071,0.003,0.07,0.004,0.072,0.005,16.4,3.25,4.86,172000.0,18.28,9.21,1.05,138.12,0.9,86.9,0.960035876178702,0.2953956542088314
NGC1261,4,147,15.8514,0.071,0.003,0.07,0.004,0.07,0.004,16.4,3.25,4.86,172000.0,18.28,9.21,1.05,138.12,0.9,86.9,1.2603348120136717,0.3877953267734373
NGC1261,5,147,18.6315,0.062,0.003,0.061,0.004,0.064,0.004,16.4,3.25,4.86,172000.0,18.28,9.21,1.05,138.12,0.9,86.9,1.4813788088139042,0.455808864250432
NGC1261,6,161,21.8509,0.063,0.003,0.062,0.004,0.065,0.004,16.4,3.25,4.86,172000.0,18.28,9.21,1.05,138.12,0.9,86.9,1.7373512714226842,0.5345696219762105
NGC1261,7,161,24.736,0.067,0.003,0.068,0.004,0.066,0.004,16.4,3.25,4.86,172000.0,18.28,9.21,1.05,138.12,0.9,86.9,1.9667437519695536,0.6051519236829396
NGC1261,8,161,27.5568,0.066,0.003,0.066,0.004,0.066,0.004,16.4,3.25,4.86,172000.0,18.28,9.21,1.05,138.12,0.9,86.9,2.19102378008872,0.6741611631042216
NGC1261,9,161,30.9621,0.063,0.003,0.06,0.004,0.066,0.004,16.4,3.25,4.86,172000.0,18.28,9.21,1.05,138.12,0.9,86.9,2.4617770343974983,0.7574698567376917
NGC1261,10,160,34.5378,0.062,0.003,0.058,0.004,0.065,0.004,16.4,3.25,4.86,172000.0,18.28,9.21,1.05,138.12,0.9,86.9,2.7460786851865318,0.844947287749702
NGC1261,11,160,38.1547,0.064,0.003,0.065,0.004,0.062,0.004,16.4,3.25,4.86,172000.0,18.28,9.21,1.05,138.12,0.9,86.9,3.033656121979007,0.9334326529166176
NGC1261,12,160,42.0203,0.063,0.003,0.065,0.004,0.061,0.004,16.4,3.25,4.86,172000.0,18.28,9.21,1.05,138.12,0.9,86.9,3.3410075388456595,1.0280023196448185
NGC1261,13,160,46.5004,0.058,0.003,0.057,0.003,0.06,0.004,16.4,3.25,4.86,172000.0,18.28,9.21,1.05,138.12,0.9,86.9,3.6972174629723895,1.1376053732222735
NGC1261,14,160,50.73,0.056,0.002,0.052,0.003,0.061,0.004,16.4,3.25,4.86,172000.0,18.28,9.21,1.05,138.12,0.9,86.9,4.033510290160715,1.2410800892802198
NGC1261,15,160,56.4076,0.053,0.002,0.055,0.003,0.052,0.003,16.4,3.25,4.86,172000.0,18.28,9.21,1.05,138.12,0.9,86.9,4.484932683683611,1.379979287287265
NGC1261,16,160,62.0254,0.054,0.002,0.054,0.003,0.054,0.003,16.4,3.25,4.86,172000.0,18.28,9.21,1.05,138.12,0.9,86.9,4.931600416939373,1.5174155129044224
NGC1261,17,160,68.3646,0.056,0.002,0.056,0.003,0.057,0.003,16.4,3.25,4.86,172000.0,18.28,9.21,1.05,138.12,0.9,86.9,5.435626209002981,1.6725003720009173
NGC1261,18,160,75.6814,0.053,0.002,0.055,0.003,0.053,0.003,16.4,3.25,4.86,172000.0,18.28,9.21,1.05,138.12,0.9,86.9,6.017380360216225,1.8515016492973
NGC1261,19,160,85.0808,0.052,0.002,0.054,0.003,0.049,0.003,16.4,3.25,4.86,172000.0,18.28,9.21,1.05,138.12,0.9,86.9,6.764720723341331,2.081452530258871
NGC1261,20,160,99.6557,0.046,0.002,0.047,0.003,0.044,0.003,16.4,3.25,4.86,172000.0,18.28,9.21,1.05,138.12,0.9,86.9,7.9235618258066065,2.4380190233251096
NGC1851,1,28,4.3529,0.185,0.019,0.198,0.029,0.209,0.031,11.95,1.75,3.16,283000.0,16.69,9.0,0.14,123.69,0.45,71.2,0.2521860470753642,0.1441063126144938
NGC1851,2,122,8.2597,0.174,0.008,0.171,0.011,0.177,0.012,11.95,1.75,3.16,283000.0,16.69,9.0,0.14,123.69,0.45,71.2,0.4785272101422927,0.2734441200813101
NGC1851,3,216,12.3398,0.159,0.006,0.142,0.007,0.176,0.009,11.95,1.75,3.16,283000.0,16.69,9.0,0.14,123.69,0.45,71.2,0.7149085399849708,0.4085191657056976
NGC1851,4,215,15.7316,0.151,0.005,0.149,0.008,0.153,0.008,11.95,1.75,3.16,283000.0,16.69,9.0,0.14,123.69,0.45,71.2,0.9114130851089618,0.520807477205121
NGC1851,5,215,18.4134,0.152,0.005,0.155,0.008,0.15,0.007,11.95,1.75,3.16,283000.0,16.69,9.0,0.14,123.69,0.45,71.2,1.0667836520980292,0.609590658341731
NGC1851,6,248,21.5404,0.15,0.005,0.149,0.007,0.152,0.007,11.95,1.75,3.16,283000.0,16.69,9.0,0.14,123.69,0.45,71.2,1.2479469614331078,0.7131125493903473
NGC1851,7,248,24.7186,0.142,0.005,0.144,0.007,0.14,0.007,11.95,1.75,3.16,283000.0,16.69,9.0,0.14,123.69,0.45,71.2,1.4320765520083385,0.8183294582904791
NGC1851,8,248,28.2263,0.137,0.004,0.134,0.006,0.138,0.007,11.95,1.75,3.16,283000.0,16.69,9.0,0.14,123.69,0.45,71.2,1.6352957845490022,0.9344547340280012
NGC1851,9,248,31.5334,0.133,0.005,0.128,0.006,0.137,0.006,11.95,1.75,3.16,283000.0,16.69,9.0,0.14,123.69,0.45,71.2,1.8268932198870385,1.0439389827925931
NGC1851,10,248,34.865,0.127,0.004,0.137,0.006,0.118,0.006,11.95,1.75,3.16,283000.0,16.69,9.0,0.14,123.69,0.45,71.2,2.019910067146632,1.1542343240837896
NGC1851,11,248,38.3458,0.136,0.005,0.141,0.007,0.131,0.006,11.95,1.75,3.16,283000.0,16.69,9.0,0.14,123.69,0.45,71.2,2.221570843332606,1.2694690533329176
NGC1851,12,248,41.8581,0.126,0.004,0.13,0.006,0.124,0.006,11.95,1.75,3.16,283000.0,16.69,9.0,0.14,123.69,0.45,71.2,2.42505657770344,1.3857466158305372
NGC1851,13,248,46.0849,0.126,0.004,0.132,0.006,0.119,0.006,11.95,1.75,3.16,283000.0,16.69,9.0,0.14,123.69,0.45,71.2,2.6699369985213197,1.525678284869325
NGC1851,14,248,50.1188,0.119,0.004,0.127,0.006,0.11,0.005,11.95,1.75,3.16,283000.0,16.69,9.0,0.14,123.69,0.45,71.2,2.903641723026204,1.6592238417292595
NGC1851,15,248,54.4468,0.114,0.004,0.115,0.006,0.111,0.005,11.95,1.75,3.16,283000.0,16.69,9.0,0.14,123.69,0.45,71.2,3.1543851841078223,1.802505819490184
NGC1851,16,247,59.5479,0.12,0.004,0.129,0.006,0.112,0.005,11.95,1.75,3.16,283000.0,16.69,9.0,0.14,123.69,0.45,71.2,3.44991833321213,1.9713819046926455
NGC1851,17,247,66.3774,0.113,0.004,0.111,0.005,0.117,0.006,11.95,1.75,3.16,283000.0,16.69,9.0,0.14,123.69,0.45,71.2,3.845586648243763,2.197478084710722
NGC1851,18,247,73.0078,0.109,0.004,0.106,0.005,0.113,0.005,11.95,1.75,3.16,283000.0,16.69,9.0,0.14,123.69,0.45,71.2,4.229720068843479,2.416982896481988
NGC1851,19,247,81.3272,0.106,0.004,0.107,0.005,0.106,0.005,11.95,1.75,3.16,283000.0,16.69,9.0,0.14,123.69,0.45,71.2,4.711706009259933,2.6924034338628187
NGC1851,20,247,89.8988,0.101,0.004,0.104,0.005,0.099,0.005,11.95,1.75,3.16,283000.0,16.69,9.0,0.14,123.69,0.45,71.2,5.208303202191355,2.97617325839506
NGC2808,1,64,3.475,0.31,0.02,0.314,0.028,0.309,0.028,10.06,2.45,3.75,791000.0,11.58,9.31,0.74,160.53,2.25,100.0,0.1694834315080115,0.0691769108195965
NGC2808,2,130,7.8932,0.285,0.013,0.315,0.02,0.253,0.016,10.06,2.45,3.75,791000.0,11.58,9.31,0.74,160.53,2.25,100.0,0.3849688119651905,0.1571301273327308
NGC2808,3,204,13.0162,0.277,0.01,0.277,0.014,0.278,0.014,10.06,2.45,3.75,791000.0,11.58,9.31,0.74,160.53,2.25,100.0,0.6348288463869294,0.2591138148518079
NGC2808,4,204,17.7359,0.282,0.01,0.294,0.015,0.272,0.014,10.06,2.45,3.75,791000.0,11.58,9.31,0.74,160.53,2.25,100.0,0.865019048311638,0.3530689993108726
NGC2808,5,370,23.4996,0.275,0.008,0.276,0.011,0.273,0.01,10.06,2.45,3.75,791000.0,11.58,9.31,0.74,160.53,2.25,100.0,1.1461274380045088,0.4678071175528607
NGC2808,6,370,29.1619,0.266,0.007,0.282,0.011,0.251,0.01,10.06,2.45,3.75,791000.0,11.58,9.31,0.74,160.53,2.25,100.0,1.4222903255520811,0.5805266634906454
NGC2808,7,370,33.3908,0.26,0.007,0.258,0.01,0.262,0.01,10.06,2.45,3.75,791000.0,11.58,9.31,0.74,160.53,2.25,100.0,1.6285431265604928,0.6647114802287726
NGC2808,8,370,37.1908,0.261,0.007,0.263,0.01,0.259,0.01,10.06,2.45,3.75,791000.0,11.58,9.31,0.74,160.53,2.25,100.0,1.813877526482923,0.7403581740746624
NGC2808,9,370,40.673,0.248,0.007,0.258,0.01,0.237,0.009,10.06,2.45,3.75,791000.0,11.58,9.31,0.74,160.53,2.25,100.0,1.9837121179065764,0.809678415472072
NGC2808,10,370,43.8803,0.256,0.007,0.273,0.01,0.239,0.009,10.06,2.45,3.75,791000.0,11.58,9.31,0.74,160.53,2.25,100.0,2.1401392286621577,0.8735262157804724
NGC2808,11,370,46.5007,0.246,0.007,0.243,0.009,0.249,0.009,10.06,2.45,3.75,791000.0,11.58,9.31,0.74,160.53,2.25,100.0,2.267941929071825,0.9256905832946224
NGC2808,12,370,49.4917,0.243,0.006,0.249,0.01,0.236,0.009,10.06,2.45,3.75,791000.0,11.58,9.31,0.74,160.53,2.25,100.0,2.41381961069498,0.9852324941612164
NGC2808,13,370,52.5844,0.248,0.007,0.253,0.01,0.242,0.009,10.06,2.45,3.75,791000.0,11.58,9.31,0.74,160.53,2.25,100.0,2.564657426126585,1.0467989494394223
NGC2808,14,370,55.5862,0.235,0.006,0.248,0.009,0.222,0.009,10.06,2.45,3.75,791000.0,11.58,9.31,0.74,160.53,2.25,100.0,2.711061847623203,1.106555856172736
NGC2808,15,370,58.6705,0.233,0.006,0.248,0.01,0.217,0.008,10.06,2.45,3.75,791000.0,11.58,9.31,0.74,160.53,2.25,100.0,2.8614899764865585,1.1679550924434932
NGC2808,16,370,61.8199,0.232,0.006,0.232,0.009,0.232,0.009,10.06,2.45,3.75,791000.0,11.58,9.31,0.74,160.53,2.25,100.0,3.015093176253848,1.2306502760219789
NGC2808,17,370,65.2062,0.234,0.006,0.245,0.009,0.223,0.008,10.06,2.45,3.75,791000.0,11.58,9.31,0.74,160.53,2.25,100.0,3.180250512689986,1.2980614337510146
NGC2808,18,370,68.4998,0.224,0.006,0.231,0.009,0.219,0.008,10.06,2.45,3.75,791000.0,11.58,9.31,0.74,160.53,2.25,100.0,3.340886665212227,1.3636272102907048
NGC2808,19,370,72.1304,0.231,0.006,0.232,0.009,0.23,0.009,10.06,2.45,3.75,791000.0,11.58,9.31,0.74,160.53,2.25,100.0,3.5179590526749567,1.4359016541530434
NGC2808,20,370,76.2377,0.215,0.006,0.231,0.009,0.199,0.007,10.06,2.45,3.75,791000.0,11.58,9.31,0.74,160.53,2.25,100.0,3.718281152885851,1.5176657766881023
NGC2808,21,370,80.707,0.207,0.006,0.222,0.008,0.192,0.007,10.06,2.45,3.75,791000.0,11.58,9.31,0.74,160.53,2.25,100.0,3.936258793299882,1.6066362421632168
NGC2808,22,370,85.5369,0.212,0.006,0.22,0.008,0.207,0.008,10.06,2.45,3.75,791000.0,11.58,9.31,0.74,160.53,2.25,100.0,4.171823692822341,1.7027851807438124
NGC2808,23,369,91.4613,0.201,0.005,0.207,0.008,0.194,0.007,10.06,2.45,3.75,791000.0,11.58,9.31,0.74,160.53,2.25,100.0,4.4607697767435095,1.820722357854493
NGC2808,24,369,101.5505,0.19,0.005,0.203,0.008,0.178,0.007,10.06,2.45,3.75,791000.0,11.58,9.31,0.74,160.53,2.25,100.0,4.952842362979662,2.02156831142027
NGC5904,1,54,3.7621,0.206,0.015,0.218,0.022,0.191,0.019,7.48,3.52,5.6,392000.0,6.27,9.5,1.13,81.29,4.11,100.0,0.1364289045645165,0.0387582115240103
NGC5904,2,150,7.6884,0.209,0.009,0.206,0.012,0.212,0.012,7.48,3.52,5.6,392000.0,6.27,9.5,1.13,81.29,4.11,100.0,0.2788123627372555,0.0792080575958112
NGC5904,3,214,12.851,0.197,0.007,0.189,0.009,0.207,0.01,7.48,3.52,5.6,392000.0,6.27,9.5,1.13,81.29,4.11,100.0,0.4660290403122197,0.1323946137250624
NGC5904,4,214,17.9793,0.217,0.007,0.218,0.011,0.213,0.01,7.48,3.52,5.6,392000.0,6.27,9.5,1.13,81.29,4.11,100.0,0.6520018616827866,0.185227801614428
NGC5904,5,239,21.7856,0.216,0.007,0.212,0.01,0.218,0.01,7.48,3.52,5.6,392000.0,6.27,9.5,1.13,81.29,4.11,100.0,0.7900336363415994,0.2244413739606816
NGC5904,6,239,25.5341,0.21,0.007,0.213,0.01,0.207,0.01,7.48,3.52,5.6,392000.0,6.27,9.5,1.13,81.29,4.11,100.0,0.925969350107871,0.2630594744624633
NGC5904,7,239,29.4589,0.203,0.007,0.207,0.01,0.2,0.009,7.48,3.52,5.6,392000.0,6.27,9.5,1.13,81.29,4.11,100.0,1.068298412236686,0.3034938671126948
NGC5904,8,239,33.4017,0.21,0.007,0.206,0.01,0.213,0.01,7.48,3.52,5.6,392000.0,6.27,9.5,1.13,81.29,4.11,100.0,1.2112802268925895,0.3441137008217584
NGC5904,9,239,38.2157,0.204,0.007,0.204,0.01,0.206,0.01,7.48,3.52,5.6,392000.0,6.27,9.5,1.13,81.29,4.11,100.0,1.385855263859598,0.3937088817782949
NGC5904,10,239,42.7223,0.21,0.007,0.195,0.009,0.224,0.011,7.48,3.52,5.6,392000.0,6.27,9.5,1.13,81.29,4.11,100.0,1.5492827382250984,0.4401371415412211
NGC5904,11,239,47.0507,0.199,0.007,0.202,0.01,0.197,0.009,7.48,3.52,5.6,392000.0,6.27,9.5,1.13,81.29,4.11,100.0,1.706247962572419,0.4847295348217099
NGC5904,12,239,51.76,0.198,0.007,0.2,0.009,0.198,0.009,7.48,3.52,5.6,392000.0,6.27,9.5,1.13,81.29,4.11,100.0,1.8770261556735268,0.5332460669527065
NGC5904,13,238,56.6481,0.208,0.007,0.213,0.01,0.203,0.01,7.48,3.52,5.6,392000.0,6.27,9.5,1.13,81.29,4.11,100.0,2.054288357210385,0.5836046469347684
NGC5904,14,238,61.8028,0.201,0.007,0.203,0.009,0.199,0.009,7.48,3.52,5.6,392000.0,6.27,9.5,1.13,81.29,4.11,100.0,2.2412185489540155,0.6367098150437545
NGC5904,15,238,68.3356,0.203,0.007,0.202,0.01,0.201,0.01,7.48,3.52,5.6,392000.0,6.27,9.5,1.13,81.29,4.11,100.0,2.478124199452161,0.7040125566625458
NGC5904,16,238,74.3174,0.195,0.006,0.199,0.009,0.191,0.009,7.48,3.52,5.6,392000.0,6.27,9.5,1.13,81.29,4.11,100.0,2.695048369815529,0.7656387414248662
NGC5904,17,238,81.908,0.192,0.007,0.2,0.01,0.185,0.009,7.48,3.52,5.6,392000.0,6.27,9.5,1.13,81.29,4.11,100.0,2.9703141104889346,0.8438392359343564
NGC5904,18,238,91.1232,0.189,0.006,0.193,0.009,0.184,0.009,7.48,3.52,5.6,392000.0,6.27,9.5,1.13,81.29,4.11,100.0,3.304494393135045,0.9387768162315469
NGC5904,19,238,104.368,0.185,0.006,0.184,0.009,0.188,0.009,7.48,3.52,5.6,392000.0,6.27,9.5,1.13,81.29,4.11,100.0,3.7848042081788,1.0752284682326134
NGC5927,1,88,6.8315,0.163,0.009,0.153,0.012,0.174,0.014,8.27,3.11,5.92,293000.0,4.77,9.43,1.33,64.5,0.93,82.2,0.273902528300972,0.0880715525083511
NGC5927,2,224,14.5631,0.153,0.005,0.154,0.008,0.153,0.007,8.27,3.11,5.92,293000.0,4.77,9.43,1.33,64.5,0.93,82.2,0.5838937143965287,0.1877471750471153
NGC5927,3,224,21.5814,0.157,0.005,0.157,0.008,0.158,0.008,8.27,3.11,5.92,293000.0,4.77,9.43,1.33,64.5,0.93,82.2,0.8652858119409497,0.2782269491771542
NGC5927,4,224,26.7515,0.145,0.005,0.147,0.007,0.143,0.007,8.27,3.11,5.92,293000.0,4.77,9.43,1.33,64.5,0.93,82.2,1.0725760793154435,0.3448797682686314
NGC5927,5,224,31.0793,0.154,0.005,0.16,0.008,0.145,0.007,8.27,3.11,5.92,293000.0,4.77,9.43,1.33,64.5,0.93,82.2,1.2460951252030157,0.4006736736987188
NGC5927,6,223,35.9658,0.151,0.005,0.146,0.007,0.157,0.008,8.27,3.11,5.92,293000.0,4.77,9.43,1.33,64.5,0.93,82.2,1.4420147189295325,0.4636703276300747
NGC5927,7,223,41.0518,0.15,0.005,0.142,0.007,0.157,0.008,8.27,3.11,5.92,293000.0,4.77,9.43,1.33,64.5,0.93,82.2,1.6459330763823237,0.5292389313126443
NGC5927,8,223,45.7575,0.151,0.005,0.161,0.008,0.142,0.007,8.27,3.11,5.92,293000.0,4.77,9.43,1.33,64.5,0.93,82.2,1.8346036651879865,0.5899047154945294
NGC5927,9,223,50.7227,0.147,0.005,0.142,0.007,0.153,0.007,8.27,3.11,5.92,293000.0,4.77,9.43,1.33,64.5,0.93,82.2,2.0336786609458706,0.6539159681497977
NGC5927,10,223,55.6653,0.143,0.005,0.149,0.008,0.136,0.007,8.27,3.11,5.92,293000.0,4.77,9.43,1.33,64.5,0.93,82.2,2.2318475310886483,0.7176358620863821
NGC5927,11,223,60.8751,0.157,0.006,0.16,0.008,0.154,0.007,8.27,3.11,5.92,293000.0,4.77,9.43,1.33,64.5,0.93,82.2,2.440729532397644,0.7848004927323614
NGC5927,12,223,66.5802,0.15,0.005,0.156,0.008,0.144,0.007,8.27,3.11,5.92,293000.0,4.77,9.43,1.33,64.5,0.93,82.2,2.6694701185368337,0.85835052042985
NGC5927,13,223,72.1609,0.15,0.005,0.148,0.007,0.153,0.007,8.27,3.11,5.92,293000.0,4.77,9.43,1.33,64.5,0.93,82.2,2.8932230043875595,0.9302967859767072
NGC5927,14,223,78.1722,0.139,0.005,0.141,0.007,0.138,0.007,8.27,3.11,5.92,293000.0,4.77,9.43,1.33,64.5,0.93,82.2,3.134240389789834,1.0077943375530012
NGC5927,15,223,85.5987,0.135,0.005,0.137,0.007,0.134,0.007,8.27,3.11,5.92,293000.0,4.77,9.43,1.33,64.5,0.93,82.2,3.431998880081448,1.1035366173895331
NGC5927,16,223,93.6304,0.145,0.005,0.146,0.007,0.144,0.007,8.27,3.11,5.92,293000.0,4.77,9.43,1.33,64.5,0.93,82.2,3.754022291712117,1.2070811227370153
NGC5927,17,223,106.5675,0.141,0.005,0.145,0.007,0.136,0.007,8.27,3.11,5.92,293000.0,4.77,9.43,1.33,64.5,0.93,82.2,4.2727230746854765,1.3738659404133369
NGC5986,1,124,7.1035,0.158,0.008,0.174,0.012,0.146,0.011,10.54,2.84,4.35,299000.0,4.85,9.24,0.75,68.63,1.65,97.7,0.3629839769228904,0.127811259479891
NGC5986,2,213,13.9689,0.147,0.006,0.149,0.008,0.146,0.008,10.54,2.84,4.35,299000.0,4.85,9.24,0.75,68.63,1.65,97.7,0.7138012071849319,0.2513384532341309
NGC5986,3,212,19.1283,0.157,0.006,0.144,0.008,0.171,0.009,10.54,2.84,4.35,299000.0,4.85,9.24,0.75,68.63,1.65,97.7,0.977443007781252,0.3441700731624127
NGC5986,4,212,24.1882,0.144,0.005,0.129,0.007,0.158,0.008,10.54,2.84,4.35,299000.0,4.85,9.24,0.75,68.63,1.65,97.7,1.2360004266356384,0.4352114178294501
NGC5986,5,212,28.0491,0.148,0.006,0.16,0.009,0.134,0.007,10.54,2.84,4.35,299000.0,4.85,9.24,0.75,68.63,1.65,97.7,1.4332897680168712,0.5046794957805885
NGC5986,6,212,31.7945,0.146,0.006,0.155,0.008,0.137,0.008,10.54,2.84,4.35,299000.0,4.85,9.24,0.75,68.63,1.65,97.7,1.6246771386323418,0.572069415011388
NGC5986,7,212,35.9506,0.144,0.005,0.148,0.008,0.14,0.007,10.54,2.84,4.35,299000.0,4.85,9.24,0.75,68.63,1.65,97.7,1.837050997503212,0.646848942782821
NGC5986,8,212,39.8394,0.139,0.005,0.142,0.008,0.138,0.007,10.54,2.84,4.35,299000.0,4.85,9.24,0.75,68.63,1.65,97.7,2.0357660097447456,0.7168190175157555
NGC5986,9,212,43.8444,0.144,0.005,0.148,0.008,0.141,0.007,10.54,2.84,4.35,299000.0,4.85,9.24,0.75,68.63,1.65,97.7,2.2404187622718346,0.7888798458703643
NGC5986,10,212,48.1075,0.137,0.005,0.138,0.007,0.136,0.007,10.54,2.84,4.35,299000.0,4.85,9.24,0.75,68.63,1.65,97.7,2.4582602477395583,0.8655845942744924
NGC5986,11,212,52.3382,0.135,0.005,0.137,0.007,0.134,0.007,10.54,2.84,4.35,299000.0,4.85,9.24,0.75,68.63,1.65,97.7,2.674446115434029,0.941706378673954
NGC5986,12,212,56.9775,0.129,0.005,0.132,0.007,0.128,0.007,10.54,2.84,4.35,299000.0,4.85,9.24,0.75,68.63,1.65,97.7,2.911511162824522,1.0251799869100429
NGC5986,13,212,61.3908,0.137,0.005,0.141,0.007,0.133,0.007,10.54,2.84,4.35,299000.0,4.85,9.24,0.75,68.63,1.65,97.7,3.1370277652534355,1.104587241286421
NGC5986,14,212,66.6145,0.125,0.005,0.129,0.007,0.119,0.007,10.54,2.84,4.35,299000.0,4.85,9.24,0.75,68.63,1.65,97.7,3.403955251739268,1.1985757928659395
NGC5986,15,212,71.3306,0.124,0.005,0.132,0.007,0.115,0.006,10.54,2.84,4.35,299000.0,4.85,9.24,0.75,68.63,1.65,97.7,3.6449447264441375,1.2834312417056823
NGC5986,16,212,77.2644,0.126,0.005,0.134,0.007,0.116,0.006,10.54,2.84,4.35,299000.0,4.85,9.24,0.75,68.63,1.65,97.7,3.94815783579376,1.3901964210541409
NGC5986,17,212,87.9152,0.117,0.005,0.112,0.006,0.121,0.007,10.54,2.84,4.35,299000.0,4.85,9.24,0.75,68.63,1.65,97.7,4.492406409230843,1.5818332426869166
NGC6205,1,134,6.8744,0.259,0.011,0.266,0.017,0.252,0.016,7.42,3.47,5.21,484000.0,8.64,9.47,1.75,130.27,1.53,99.9,0.2472937628778513,0.0712662140858361
NGC6205,2,257,14.173,0.246,0.008,0.246,0.011,0.248,0.011,7.42,3.47,5.21,484000.0,8.64,9.47,1.75,130.27,1.53,99.9,0.5098473323152255,0.1469300669496327
NGC6205,3,257,20.1195,0.253,0.008,0.236,0.011,0.268,0.012,7.42,3.47,5.21,484000.0,8.64,9.47,1.75,130.27,1.53,99.9,0.723761617336921,0.2085768349674124
NGC6205,4,257,25.2153,0.244,0.008,0.247,0.011,0.243,0.011,7.42,3.47,5.21,484000.0,8.64,9.47,1.75,130.27,1.53,99.9,0.9070735510144716,0.2614044815603664
NGC6205,5,257,29.2729,0.249,0.008,0.244,0.011,0.255,0.011,7.42,3.47,5.21,484000.0,8.64,9.47,1.75,130.27,1.53,99.9,1.0530381693452595,0.3034692130677981
NGC6205,6,257,33.5803,0.25,0.008,0.266,0.012,0.229,0.01,7.42,3.47,5.21,484000.0,8.64,9.47,1.75,130.27,1.53,99.9,1.2079888783846022,0.3481235960762542
NGC6205,7,257,37.2546,0.254,0.008,0.258,0.012,0.248,0.011,7.42,3.47,5.21,484000.0,8.64,9.47,1.75,130.27,1.53,99.9,1.340164991636972,0.3862146949962455
NGC6205,8,257,41.1668,0.247,0.008,0.261,0.012,0.233,0.011,7.42,3.47,5.21,484000.0,8.64,9.47,1.75,130.27,1.53,99.9,1.4808991152158628,0.4267720793129287
NGC6205,9,257,45.0742,0.24,0.008,0.235,0.011,0.246,0.011,7.42,3.47,5.21,484000.0,8.64,9.47,1.75,130.27,1.53,99.9,1.6214605677162874,0.4672797025118984
NGC6205,10,257,48.6752,0.228,0.007,0.209,0.009,0.245,0.011,7.42,3.47,5.21,484000.0,8.64,9.47,1.75,130.27,1.53,99.9,1.7509998497079,0.5046109076968012
NGC6205,11,256,52.6228,0.222,0.007,0.214,0.01,0.231,0.01,7.42,3.47,5.21,484000.0,8.64,9.47,1.75,130.27,1.53,99.9,1.8930074224904851,0.545535280256624
NGC6205,12,256,56.2408,0.227,0.007,0.225,0.01,0.229,0.01,7.42,3.47,5.21,484000.0,8.64,9.47,1.75,130.27,1.53,99.9,2.0231582478850023,0.58304272273343
NGC6205,13,256,59.8035,0.228,0.007,0.211,0.009,0.244,0.011,7.42,3.47,5.21,484000.0,8.64,9.47,1.75,130.27,1.53,99.9,2.1513197585630133,0.6199768756665744
NGC6205,14,256,63.0842,0.22,0.007,0.224,0.01,0.218,0.01,7.42,3.47,5.21,484000.0,8.64,9.47,1.75,130.27,1.53,99.9,2.269336843381088,0.653987562934031
NGC6205,15,256,67.1827,0.219,0.007,0.226,0.01,0.214,0.01,7.42,3.47,5.21,484000.0,8.64,9.47,1.75,130.27,1.53,99.9,2.41677276319298,0.6964763006319826
NGC6205,16,256,71.1207,0.222,0.007,0.234,0.011,0.211,0.01,7.42,3.47,5.21,484000.0,8.64,9.47,1.75,130.27,1.53,99.9,2.5584349938186315,0.7373011509563779
NGC6205,17,256,75.3678,0.225,0.007,0.23,0.01,0.22,0.01,7.42,3.47,5.21,484000.0,8.64,9.47,1.75,130.27,1.53,99.9,2.711216522434732,0.781330409923554
NGC6205,18,256,79.9123,0.224,0.007,0.231,0.01,0.218,0.01,7.42,3.47,5.21,484000.0,8.64,9.47,1.75,130.27,1.53,99.9,2.8746964632875183,0.8284427848090831
NGC6205,19,256,84.6859,0.221,0.007,0.228,0.01,0.215,0.01,7.42,3.47,5.21,484000.0,8.64,9.47,1.75,130.27,1.53,99.9,3.0464178508229707,0.8779302163754958
NGC6205,20,256,90.393,0.219,0.007,0.219,0.01,0.217,0.01,7.42,3.47,5.21,484000.0,8.64,9.47,1.75,130.27,1.53,99.9,3.2517201658061228,0.9370951486472976
NGC6205,21,256,100.1628,0.208,0.007,0.227,0.011,0.186,0.009,7.42,3.47,5.21,484000.0,8.64,9.47,1.75,130.27,1.53,99.9,3.603170562140935,1.0383776836141023
NGC6254,1,120,10.752,0.265,0.013,0.269,0.018,0.261,0.017,5.07,2.99,4.75,189000.0,4.35,9.22,0.74,53.76,0.26,12.0,0.2642844884008436,0.0883894610036266
NGC6254,2,117,18.1139,0.24,0.012,0.235,0.016,0.251,0.017,5.07,2.99,4.75,189000.0,4.35,9.22,0.74,53.76,0.26,12.0,0.4452402152570722,0.1489097709889873
NGC6254,3,117,23.6072,0.253,0.012,0.255,0.017,0.251,0.017,5.07,2.99,4.75,189000.0,4.35,9.22,0.74,53.76,0.26,12.0,0.5802656970402152,0.1940687949967275
NGC6254,4,117,28.5914,0.256,0.012,0.244,0.017,0.27,0.018,5.07,2.99,4.75,189000.0,4.35,9.22,0.74,53.76,0.26,12.0,0.7027774852737984,0.2350426372153171
NGC6254,5,117,34.2028,0.255,0.012,0.245,0.016,0.269,0.018,5.07,2.99,4.75,189000.0,4.35,9.22,0.74,53.76,0.26,12.0,0.8407058686640972,0.281172531325785
NGC6254,6,117,39.4495,0.24,0.011,0.213,0.015,0.264,0.018,5.07,2.99,4.75,189000.0,4.35,9.22,0.74,53.76,0.26,12.0,0.969669914915279,0.3243043193696585
NGC6254,7,117,44.5144,0.261,0.012,0.26,0.017,0.259,0.017,5.07,2.99,4.75,189000.0,4.35,9.22,0.74,53.76,0.26,12.0,1.094165311613701,0.3659415757905354
NGC6254,8,116,49.2599,0.245,0.012,0.241,0.017,0.247,0.017,5.07,2.99,4.75,189000.0,4.35,9.22,0.74,53.76,0.26,12.0,1.2108098465566142,0.4049531259386669
NGC6254,9,116,53.8286,0.227,0.011,0.22,0.015,0.233,0.016,5.07,2.99,4.75,189000.0,4.35,9.22,0.74,53.76,0.26,12.0,1.3231086320994836,0.4425112481938072
NGC6254,10,116,58.2972,0.23,0.011,0.248,0.017,0.21,0.014,5.07,2.99,4.75,189000.0,4.35,9.22,0.74,53.76,0.26,12.0,1.4329469565849755,0.4792464737742393
NGC6254,11,116,63.3585,0.254,0.012,0.241,0.016,0.256,0.017,5.07,2.99,4.75,189000.0,4.35,9.22,0.74,53.76,0.26,12.0,1.557353865173442,0.5208541355095123
NGC6254,12,116,68.4685,0.238,0.011,0.242,0.017,0.235,0.016,5.07,2.99,4.75,189000.0,4.35,9.22,0.74,53.76,0.26,12.0,1.682957821249364,0.562862147575038
NGC6254,13,116,73.2866,0.229,0.011,0.217,0.014,0.244,0.017,5.07,2.99,4.75,189000.0,4.35,9.22,0.74,53.76,0.26,12.0,1.801386866409716,0.602470523882848
NGC6254,14,116,79.474,0.241,0.012,0.215,0.015,0.264,0.018,5.07,2.99,4.75,189000.0,4.35,9.22,0.74,53.76,0.26,12.0,1.953473347392917,0.6533355676899388
NGC6254,15,116,85.7212,0.223,0.011,0.215,0.015,0.233,0.016,5.07,2.99,4.75,189000.0,4.35,9.22,0.74,53.76,0.26,12.0,2.1070297142026035,0.7046922121078941
NGC6254,16,116,96.1468,0.22,0.011,0.219,0.016,0.221,0.016,5.07,2.99,4.75,189000.0,4.35,9.22,0.74,53.76,0.26,12.0,2.363291280634136,0.7903984216167678
NGC6388,1,48,6.4747,0.323,0.024,0.335,0.036,0.314,0.033,11.17,2.61,5.37,1310000.0,3.99,9.64,0.48,96.85,1.51,99.5,0.350628555498994,0.1343404427199211
NGC6388,2,398,17.5433,0.306,0.008,0.317,0.011,0.296,0.011,11.17,2.61,5.37,1310000.0,3.99,9.64,0.48,96.85,1.51,99.5,0.9500335054420282,0.3639975116636124
NGC6388,3,398,23.1823,0.286,0.008,0.283,0.011,0.29,0.011,11.17,2.61,5.37,1310000.0,3.99,9.64,0.48,96.85,1.51,99.5,1.2554058662400311,0.48099841618392
NGC6388,4,398,26.5779,0.29,0.008,0.3,0.011,0.281,0.011,11.17,2.61,5.37,1310000.0,3.99,9.64,0.48,96.85,1.51,99.5,1.4392899570940294,0.5514520908406243
NGC6388,5,398,29.4788,0.282,0.008,0.279,0.011,0.284,0.011,11.17,2.61,5.37,1310000.0,3.99,9.64,0.48,96.85,1.51,99.5,1.5963842435701645,0.611641472632247
NGC6388,6,398,31.838,0.286,0.008,0.285,0.011,0.289,0.011,11.17,2.61,5.37,1310000.0,3.99,9.64,0.48,96.85,1.51,99.5,1.7241435047148088,0.6605913811167851
NGC6388,7,398,34.031,0.271,0.007,0.286,0.011,0.256,0.01,11.17,2.61,5.37,1310000.0,3.99,9.64,0.48,96.85,1.51,99.5,1.8429024313383269,0.7060928855702401
NGC6388,8,398,36.275,0.269,0.007,0.269,0.01,0.267,0.01,11.17,2.61,5.37,1310000.0,3.99,9.64,0.48,96.85,1.51,99.5,1.9644231934647172,0.7526525645458688
NGC6388,9,398,38.2487,0.269,0.007,0.27,0.01,0.27,0.01,11.17,2.61,5.37,1310000.0,3.99,9.64,0.48,96.85,1.51,99.5,2.071306227425884,0.7936039185539787
NGC6388,10,398,40.3111,0.263,0.007,0.275,0.011,0.249,0.01,11.17,2.61,5.37,1310000.0,3.99,9.64,0.48,96.85,1.51,99.5,2.1829926890165563,0.8363956662898684
NGC6388,11,398,42.5154,0.25,0.007,0.246,0.009,0.253,0.01,11.17,2.61,5.37,1310000.0,3.99,9.64,0.48,96.85,1.51,99.5,2.302363551741692,0.8821316290198052
NGC6388,12,398,44.4983,0.25,0.007,0.254,0.01,0.244,0.009,11.17,2.61,5.37,1310000.0,3.99,9.64,0.48,96.85,1.51,99.5,2.409744799166121,0.923273869412307
NGC6388,13,398,46.4154,0.262,0.007,0.264,0.01,0.261,0.01,11.17,2.61,5.37,1310000.0,3.99,9.64,0.48,96.85,1.51,99.5,2.513562737255472,0.9630508571860048
NGC6388,14,398,48.5159,0.257,0.007,0.255,0.01,0.259,0.01,11.17,2.61,5.37,1310000.0,3.99,9.64,0.48,96.85,1.51,99.5,2.6273124524277023,1.006633123535518
NGC6388,15,398,50.555,0.244,0.007,0.24,0.009,0.249,0.01,11.17,2.61,5.37,1310000.0,3.99,9.64,0.48,96.85,1.51,99.5,2.7377371342690227,1.048941430754415
NGC6388,16,398,52.5372,0.245,0.007,0.256,0.01,0.232,0.009,11.17,2.61,5.37,1310000.0,3.99,9.64,0.48,96.85,1.51,99.5,2.8450804741473346,1.090069147182887
NGC6388,17,398,54.602,0.248,0.007,0.258,0.01,0.236,0.009,11.17,2.61,5.37,1310000.0,3.99,9.64,0.48,96.85,1.51,99.5,2.9568969044675537,1.132910691366879
NGC6388,18,398,56.7912,0.247,0.007,0.252,0.01,0.241,0.009,11.17,2.61,5.37,1310000.0,3.99,9.64,0.48,96.85,1.51,99.5,3.07545004726929,1.1783333514441725
NGC6388,19,398,58.99,0.232,0.006,0.246,0.009,0.218,0.009,11.17,2.61,5.37,1310000.0,3.99,9.64,0.48,96.85,1.51,99.5,3.1945230649892133,1.223955197313875
NGC6388,20,398,61.1792,0.234,0.006,0.243,0.009,0.224,0.009,11.17,2.61,5.37,1310000.0,3.99,9.64,0.48,96.85,1.51,99.5,3.3130762077909486,1.269377857391168
NGC6388,21,398,63.3192,0.233,0.006,0.244,0.009,0.222,0.009,11.17,2.61,5.37,1310000.0,3.99,9.64,0.48,96.85,1.51,99.5,3.428964991636972,1.3137796902823649
NGC6388,22,398,65.7812,0.235,0.006,0.238,0.009,0.231,0.009,11.17,2.61,5.37,1310000.0,3.99,9.64,0.48,96.85,1.51,99.5,3.56229124669721,1.3648625466272837
NGC6388,23,398,68.2607,0.233,0.006,0.236,0.009,0.23,0.009,11.17,2.61,5.37,1310000.0,3.99,9.64,0.48,96.85,1.51,99.5,3.696565190410394,1.4163085020729482
NGC6388,24,398,70.8728,0.223,0.006,0.234,0.009,0.212,0.008,11.17,2.61,5.37,1310000.0,3.99,9.64,0.48,96.85,1.51,99.5,3.838019906431047,1.4705057112762634
NGC6388,25,398,73.9146,0.221,0.006,0.22,0.009,0.221,0.008,11.17,2.61,5.37,1310000.0,3.99,9.64,0.48,96.85,1.51,99.5,4.002744440404334,1.5336185595418903
NGC6388,26,397,77.0838,0.222,0.006,0.229,0.009,0.214,0.008,11.17,2.61,5.37,1310000.0,3.99,9.64,0.48,96.85,1.51,99.5,4.174368147771071,1.599374769260947
NGC6388,27,397,80.4771,0.222,0.006,0.229,0.009,0.215,0.008,11.17,2.61,5.37,1310000.0,3.99,9.64,0.48,96.85,1.51,99.5,4.358127685259253,1.669780722321553
NGC6388,28,397,84.7225,0.216,0.006,0.22,0.008,0.213,0.008,11.17,2.61,5.37,1310000.0,3.99,9.64,0.48,96.85,1.51,99.5,4.588031537100332,1.7578664893104723
NGC6388,29,397,89.9764,0.202,0.005,0.206,0.008,0.197,0.008,11.17,2.61,5.37,1310000.0,3.99,9.64,0.48,96.85,1.51,99.5,4.872549332169782,1.8668771387623688
NGC6388,30,397,97.3214,0.213,0.006,0.214,0.008,0.213,0.008,11.17,2.61,5.37,1310000.0,3.99,9.64,0.48,96.85,1.51,99.5,5.2703077982207365,2.019275018475378
NGC6388,31,397,108.8635,0.205,0.006,0.218,0.008,0.192,0.008,11.17,2.61,5.37,1310000.0,3.99,9.64,0.48,96.85,1.51,99.5,5.895354495430635,2.2587565116592474
NGC6441,1,49,7.0728,0.262,0.02,0.251,0.028,0.283,0.03,12.73,2.14,4.3,1390000.0,4.78,9.5,0.64,108.31,1.52,55.3,0.4365100429059705,0.2039766555635376
NGC6441,2,110,16.1137,0.257,0.013,0.261,0.019,0.258,0.018,12.73,2.14,4.3,1390000.0,4.78,9.5,0.64,108.31,1.52,55.3,0.9944847695925144,0.4647125091553806
NGC6441,3,230,23.7627,0.257,0.009,0.266,0.013,0.25,0.012,12.73,2.14,4.3,1390000.0,4.78,9.5,0.64,108.31,1.52,55.3,1.4665559886553703,0.6853065367548459
NGC6441,4,230,28.6485,0.244,0.009,0.244,0.012,0.243,0.012,12.73,2.14,4.3,1390000.0,4.78,9.5,0.64,108.31,1.52,55.3,1.7680915569776745,0.8262110079334926
NGC6441,5,230,32.2578,0.253,0.009,0.257,0.013,0.249,0.013,12.73,2.14,4.3,1390000.0,4.78,9.5,0.64,108.31,1.52,55.3,1.9908457275834488,0.9303017418614248
NGC6441,6,230,35.1725,0.24,0.008,0.25,0.013,0.232,0.012,12.73,2.14,4.3,1390000.0,4.78,9.5,0.64,108.31,1.52,55.3,2.170731461954282,1.0143604962403183
NGC6441,7,230,37.9196,0.241,0.009,0.246,0.012,0.235,0.012,12.73,2.14,4.3,1390000.0,4.78,9.5,0.64,108.31,1.52,55.3,2.3402734734443555,1.0935857352543716
NGC6441,8,230,40.4239,0.24,0.009,0.255,0.013,0.224,0.011,12.73,2.14,4.3,1390000.0,4.78,9.5,0.64,108.31,1.52,55.3,2.494830664436526,1.1658087216993112
NGC6441,9,230,42.9726,0.239,0.008,0.253,0.013,0.224,0.011,12.73,2.14,4.3,1390000.0,4.78,9.5,0.64,108.31,1.52,55.3,2.6521280779579666,1.2393121859616665
NGC6441,10,230,45.4326,0.223,0.008,0.228,0.011,0.22,0.011,12.73,2.14,4.3,1390000.0,4.78,9.5,0.64,108.31,1.52,55.3,2.80395121809323,1.3102575785482382
NGC6441,11,230,47.8404,0.226,0.008,0.243,0.012,0.208,0.011,12.73,2.14,4.3,1390000.0,4.78,9.5,0.64,108.31,1.52,55.3,2.952552745254891,1.3796975445116313
NGC6441,12,230,50.0007,0.231,0.008,0.235,0.012,0.226,0.011,12.73,2.14,4.3,1390000.0,4.78,9.5,0.64,108.31,1.52,55.3,3.0858793833175766,1.4419997118306431
NGC6441,13,230,52.5532,0.221,0.008,0.22,0.011,0.222,0.011,12.73,2.14,4.3,1390000.0,4.78,9.5,0.64,108.31,1.52,55.3,3.24341132038882,1.5156127665368315
NGC6441,14,230,54.976,0.215,0.007,0.225,0.011,0.203,0.01,12.73,2.14,4.3,1390000.0,4.78,9.5,0.64,108.31,1.52,55.3,3.3929385984049643,1.5854853263574598
NGC6441,15,230,57.2573,0.218,0.008,0.233,0.011,0.201,0.01,12.73,2.14,4.3,1390000.0,4.78,9.5,0.64,108.31,1.52,55.3,3.533732960027149,1.651277084124836
NGC6441,16,230,59.8057,0.209,0.007,0.219,0.011,0.198,0.01,12.73,2.14,4.3,1390000.0,4.78,9.5,0.64,108.31,1.52,55.3,3.691011858531501,1.7247718965100471
NGC6441,17,230,62.2194,0.202,0.007,0.218,0.011,0.186,0.009,12.73,2.14,4.3,1390000.0,4.78,9.5,0.64,108.31,1.52,55.3,3.839977514362592,1.7943820160572856
NGC6441,18,230,64.8892,0.205,0.007,0.213,0.011,0.195,0.01,12.73,2.14,4.3,1390000.0,4.78,9.5,0.64,108.31,1.52,55.3,4.004748823115895,1.8713779547270533
NGC6441,19,230,67.6171,0.217,0.008,0.241,0.012,0.189,0.01,12.73,2.14,4.3,1390000.0,4.78,9.5,0.64,108.31,1.52,55.3,4.173105873512229,1.9500494736038452
NGC6441,20,230,70.5494,0.214,0.007,0.223,0.011,0.204,0.011,12.73,2.14,4.3,1390000.0,4.78,9.5,0.64,108.31,1.52,55.3,4.354077822218991,2.034615804775229
NGC6441,21,230,73.8092,0.195,0.007,0.21,0.011,0.18,0.009,12.73,2.14,4.3,1390000.0,4.78,9.5,0.64,108.31,1.52,55.3,4.555261997915303,2.1286271018295806
NGC6441,22,230,77.5874,0.216,0.008,0.221,0.011,0.21,0.011,12.73,2.14,4.3,1390000.0,4.78,9.5,0.64,108.31,1.52,55.3,4.78844012314256,2.237588842589981
NGC6441,23,230,81.8115,0.203,0.007,0.218,0.011,0.188,0.01,12.73,2.14,4.3,1390000.0,4.78,9.5,0.64,108.31,1.52,55.3,5.049137735437423,2.35941015674646
NGC6441,24,230,86.4369,0.211,0.008,0.22,0.011,0.203,0.01,12.73,2.14,4.3,1390000.0,4.78,9.5,0.64,108.31,1.52,55.3,5.334602268925896,2.492804798563503
NGC6441,25,230,91.4754,0.189,0.007,0.203,0.01,0.174,0.009,12.73,2.14,4.3,1390000.0,4.78,9.5,0.64,108.31,1.52,55.3,5.64556198094684,2.638113075208804
NGC6441,26,230,99.1702,0.202,0.007,0.216,0.011,0.188,0.01,12.73,2.14,4.3,1390000.0,4.78,9.5,0.64,108.31,1.52,55.3,6.120459825952052,2.8600279560523605
NGC6441,27,230,110.1411,0.209,0.007,0.226,0.011,0.193,0.01,12.73,2.14,4.3,1390000.0,4.78,9.5,0.64,108.31,1.52,55.3,6.797547829248781,3.1764242192751317
NGC6541,1,93,3.7535,0.251,0.013,0.255,0.019,0.256,0.019,7.61,2.29,3.81,257000.0,2.19,9.12,0.11,37.42,3.73,100.0,0.138482704288173,0.0604727966323899
NGC6541,2,182,7.443,0.252,0.009,0.251,0.013,0.253,0.013,7.61,2.29,3.81,257000.0,2.19,9.12,0.11,37.42,3.73,100.0,0.2746041742418733,0.1199144865685036
NGC6541,3,182,10.7535,0.24,0.009,0.238,0.013,0.244,0.013,7.61,2.29,3.81,257000.0,2.19,9.12,0.11,37.42,3.73,100.0,0.3967427096211185,0.1732500915376063
NGC6541,4,182,13.6316,0.236,0.009,0.232,0.013,0.238,0.013,7.61,2.29,3.81,257000.0,2.19,9.12,0.11,37.42,3.73,100.0,0.5029281555280829,0.2196192818899925
NGC6541,5,182,16.7555,0.234,0.009,0.239,0.013,0.222,0.012,7.61,2.29,3.81,257000.0,2.19,9.12,0.11,37.42,3.73,100.0,0.6181822170508812,0.2699485663977647
NGC6541,6,182,19.8458,0.218,0.008,0.231,0.012,0.202,0.011,7.61,2.29,3.81,257000.0,2.19,9.12,0.11,37.42,3.73,100.0,0.7321966305480815,0.3197365198899919
NGC6541,7,182,23.0159,0.213,0.008,0.211,0.011,0.216,0.011,7.61,2.29,3.81,257000.0,2.19,9.12,0.11,37.42,3.73,100.0,0.849155208106077,0.3708101345441384
NGC6541,8,182,26.1111,0.221,0.008,0.203,0.011,0.238,0.013,7.61,2.29,3.81,257000.0,2.19,9.12,0.11,37.42,3.73,100.0,0.9633504036070104,0.4206770321427993
NGC6541,9,182,29.7216,0.22,0.008,0.235,0.013,0.205,0.011,7.61,2.29,3.81,257000.0,2.19,9.12,0.11,37.42,3.73,100.0,1.096557224929096,0.4788459497506969
NGC6541,10,182,33.4663,0.217,0.008,0.23,0.012,0.205,0.011,7.61,2.29,3.81,257000.0,2.19,9.12,0.11,37.42,3.73,100.0,1.2347152594962791,0.5391769692123489
NGC6541,11,182,37.1228,0.214,0.008,0.219,0.011,0.208,0.011,7.61,2.29,3.81,257000.0,2.19,9.12,0.11,37.42,3.73,100.0,1.3696192179962667,0.598086994758195
NGC6541,12,182,40.815,0.213,0.008,0.211,0.011,0.217,0.012,7.61,2.29,3.81,257000.0,2.19,9.12,0.11,37.42,3.73,100.0,1.505840302523453,0.6575721845080581
NGC6541,13,182,44.7023,0.204,0.008,0.214,0.011,0.195,0.011,7.61,2.29,3.81,257000.0,2.19,9.12,0.11,37.42,3.73,100.0,1.6492594623421328,0.7202006385773506
NGC6541,14,182,49.2685,0.199,0.008,0.197,0.011,0.206,0.011,7.61,2.29,3.81,257000.0,2.19,9.12,0.11,37.42,3.73,100.0,1.8177261532494609,0.7937668791482362
NGC6541,15,182,54.421,0.193,0.007,0.192,0.01,0.193,0.01,7.61,2.29,3.81,257000.0,2.19,9.12,0.11,37.42,3.73,100.0,2.0078239643177467,0.87677902371954
NGC6541,16,182,59.5946,0.185,0.007,0.169,0.009,0.201,0.011,7.61,2.29,3.81,257000.0,2.19,9.12,0.11,37.42,3.73,100.0,2.198700244830679,0.9601311112797724
NGC6541,17,182,65.2473,0.195,0.007,0.19,0.01,0.197,0.011,7.61,2.29,3.81,257000.0,2.19,9.12,0.11,37.42,3.73,100.0,2.407252577994328,1.0512019991241606
NGC6541,18,182,71.0604,0.199,0.007,0.216,0.011,0.181,0.01,7.61,2.29,3.81,257000.0,2.19,9.12,0.11,37.42,3.73,100.0,2.621722754708749,1.1448570981260913
NGC6541,19,182,77.63,0.165,0.006,0.16,0.009,0.173,0.009,7.61,2.29,3.81,257000.0,2.19,9.12,0.11,37.42,3.73,100.0,2.864103459142365,1.2507002004988494
NGC6541,20,182,85.7079,0.173,0.007,0.177,0.01,0.17,0.009,7.61,2.29,3.81,257000.0,2.19,9.12,0.11,37.42,3.73,100.0,3.162131815867937,1.3808435877152565
NGC6541,21,181,98.5503,0.162,0.006,0.162,0.009,0.164,0.009,7.61,2.29,3.81,257000.0,2.19,9.12,0.11,37.42,3.73,100.0,3.635943000509053,1.587748035156792
NGC6624,1,88,3.7576,0.198,0.011,0.203,0.016,0.199,0.016,8.02,1.7,2.25,103000.0,1.2,8.4,0.19,16.82,0.87,46.7,0.1461030809880493,0.0859429888164996
NGC6624,2,134,6.3937,0.178,0.009,0.19,0.013,0.17,0.011,8.02,1.7,2.25,103000.0,1.2,8.4,0.19,16.82,0.87,46.7,0.2485999757593386,0.1462352798584345
NGC6624,3,134,9.3802,0.184,0.009,0.182,0.012,0.188,0.012,8.02,1.7,2.25,103000.0,1.2,8.4,0.19,16.82,0.87,46.7,0.3647211305844423,0.2145418415202602
NGC6624,4,134,12.1889,0.172,0.008,0.168,0.011,0.176,0.011,8.02,1.7,2.25,103000.0,1.2,8.4,0.19,16.82,0.87,46.7,0.4739290621288148,0.278781801252244
NGC6624,5,134,14.5414,0.174,0.008,0.165,0.011,0.182,0.012,8.02,1.7,2.25,103000.0,1.2,8.4,0.19,16.82,0.87,46.7,0.5653990158291518,0.3325876563700893
NGC6624,6,134,16.895,0.176,0.009,0.194,0.013,0.16,0.011,8.02,1.7,2.25,103000.0,1.2,8.4,0.19,16.82,0.87,46.7,0.6569117397522604,0.3864186704425061
NGC6624,7,134,19.4282,0.15,0.007,0.146,0.01,0.155,0.011,8.02,1.7,2.25,103000.0,1.2,8.4,0.19,16.82,0.87,46.7,0.755407674593363,0.4443574556431547
NGC6624,8,134,22.4379,0.165,0.008,0.175,0.012,0.153,0.01,8.02,1.7,2.25,103000.0,1.2,8.4,0.19,16.82,0.87,46.7,0.8724308922987418,0.5131946425286716
NGC6624,9,134,25.1056,0.157,0.007,0.154,0.011,0.159,0.011,8.02,1.7,2.25,103000.0,1.2,8.4,0.19,16.82,0.87,46.7,0.9761564589241992,0.5742096817201172
NGC6624,10,134,28.4935,0.152,0.007,0.141,0.01,0.164,0.011,8.02,1.7,2.25,103000.0,1.2,8.4,0.19,16.82,0.87,46.7,1.107884856858895,0.6516969746228795
NGC6624,11,134,32.2576,0.148,0.007,0.158,0.011,0.139,0.009,8.02,1.7,2.25,103000.0,1.2,8.4,0.19,16.82,0.87,46.7,1.2542406709815042,0.7377886299891201
NGC6624,12,134,36.1063,0.138,0.007,0.134,0.009,0.141,0.01,8.02,1.7,2.25,103000.0,1.2,8.4,0.19,16.82,0.87,46.7,1.4038859040554623,0.8258152376796838
NGC6624,13,134,41.1751,0.131,0.006,0.139,0.01,0.125,0.009,8.02,1.7,2.25,103000.0,1.2,8.4,0.19,16.82,0.87,46.7,1.600971090587351,0.9417477003455008
NGC6624,14,134,47.0003,0.132,0.006,0.132,0.009,0.133,0.009,8.02,1.7,2.25,103000.0,1.2,8.4,0.19,16.82,0.87,46.7,1.8274666375778728,1.0749803750458078
NGC6624,15,134,53.7586,0.135,0.007,0.139,0.01,0.134,0.009,8.02,1.7,2.25,103000.0,1.2,8.4,0.19,16.82,0.87,46.7,2.0902429980849875,1.229554704755875
NGC6624,16,134,60.2909,0.127,0.006,0.117,0.008,0.133,0.009,8.02,1.7,2.25,103000.0,1.2,8.4,0.19,16.82,0.87,46.7,2.344232021913557,1.378960012890328
NGC6624,17,133,68.7857,0.117,0.006,0.111,0.008,0.126,0.009,8.02,1.7,2.25,103000.0,1.2,8.4,0.19,16.82,0.87,46.7,2.67452701136887,1.573251183158159
NGC6624,18,133,83.4855,0.118,0.006,0.111,0.008,0.124,0.009,8.02,1.7,2.25,103000.0,1.2,8.4,0.19,16.82,0.87,46.7,3.246084939277144,1.9094617289865552
NGC6637,1,62,3.7959,0.167,0.012,0.184,0.018,0.149,0.015,8.9,2.41,3.19,138000.0,1.71,8.78,0.57,24.2,,,0.1637869245873027,0.0679613794968061
NGC6637,2,177,8.0192,0.156,0.006,0.149,0.009,0.163,0.009,8.9,2.41,3.19,138000.0,1.71,8.78,0.57,24.2,,,0.3460154655419,0.1435748819675933
NGC6637,3,166,11.8573,0.149,0.006,0.155,0.009,0.142,0.008,8.9,2.41,3.19,138000.0,1.71,8.78,0.57,24.2,,,0.5116232516423048,0.2122918056607073
NGC6637,4,166,14.8044,0.152,0.007,0.158,0.009,0.147,0.009,8.9,2.41,3.19,138000.0,1.71,8.78,0.57,24.2,,,0.6387858337575449,0.2650563625549978
NGC6637,5,166,17.3105,0.152,0.006,0.16,0.01,0.146,0.009,8.9,2.41,3.19,138000.0,1.71,8.78,0.57,24.2,,,0.7469199815770975,0.3099253035589616
NGC6637,6,166,20.0041,0.142,0.006,0.148,0.009,0.135,0.008,8.9,2.41,3.19,138000.0,1.71,8.78,0.57,24.2,,,0.8631444501005988,0.3581512241081322
NGC6637,7,166,22.4871,0.148,0.006,0.146,0.009,0.15,0.009,8.9,2.41,3.19,138000.0,1.71,8.78,0.57,24.2,,,0.9702818704094248,0.4026065852321265
NGC6637,8,166,25.0251,0.14,0.006,0.151,0.009,0.131,0.008,8.9,2.41,3.19,138000.0,1.71,8.78,0.57,24.2,,,1.0797924514580757,0.4480466603560479
NGC6637,9,166,27.4378,0.134,0.006,0.134,0.008,0.136,0.008,8.9,2.41,3.19,138000.0,1.71,8.78,0.57,24.2,,,1.1838965408576347,0.491243377949226
NGC6637,10,166,30.0482,0.143,0.006,0.151,0.009,0.136,0.008,8.9,2.41,3.19,138000.0,1.71,8.78,0.57,24.2,,,1.2965310644074373,0.5379796947748702
NGC6637,11,166,33.2049,0.152,0.006,0.158,0.009,0.147,0.009,8.9,2.41,3.19,138000.0,1.71,8.78,0.57,24.2,,,1.432737546360265,0.5944969072034294
NGC6637,12,166,36.2699,0.136,0.006,0.134,0.008,0.139,0.008,8.9,2.41,3.19,138000.0,1.71,8.78,0.57,24.2,,,1.564987322134148,0.649372332835746
NGC6637,13,166,39.8092,0.134,0.006,0.125,0.007,0.144,0.009,8.9,2.41,3.19,138000.0,1.71,8.78,0.57,24.2,,,1.71770237316074,0.7127395739256182
NGC6637,14,166,43.3896,0.133,0.006,0.137,0.008,0.129,0.008,8.9,2.41,3.19,138000.0,1.71,8.78,0.57,24.2,,,1.8721908224856376,0.7768426649317998
NGC6637,15,166,46.6961,0.13,0.005,0.118,0.007,0.141,0.008,8.9,2.41,3.19,138000.0,1.71,8.78,0.57,24.2,,,2.014860931326207,0.836041880218343
NGC6637,16,165,51.0632,0.125,0.005,0.123,0.007,0.129,0.008,8.9,2.41,3.19,138000.0,1.71,8.78,0.57,24.2,,,2.2032942089060192,0.9142299622016676
NGC6637,17,165,55.0196,0.117,0.005,0.114,0.007,0.121,0.007,8.9,2.41,3.19,138000.0,1.71,8.78,0.57,24.2,,,2.3740064480159018,0.9850649161891708
NGC6637,18,165,59.1871,0.119,0.005,0.108,0.007,0.129,0.007,8.9,2.41,3.19,138000.0,1.71,8.78,0.57,24.2,,,2.5538273095290043,1.059679381547305
NGC6637,19,165,64.1068,0.124,0.005,0.124,0.007,0.124,0.007,8.9,2.41,3.19,138000.0,1.71,8.78,0.57,24.2,,,2.7661043802874947,1.1477611536462633
NGC6637,20,165,69.7444,0.119,0.005,0.115,0.007,0.124,0.007,8.9,2.41,3.19,138000.0,1.71,8.78,0.57,24.2,,,3.009357670957263,1.24869612902791
NGC6637,21,165,77.0336,0.107,0.005,0.101,0.006,0.114,0.007,8.9,2.41,3.19,138000.0,1.71,8.78,0.57,24.2,,,3.323874821225123,1.379201170632831
NGC6637,22,165,87.7647,0.103,0.005,0.101,0.006,0.105,0.006,8.9,2.41,3.19,138000.0,1.71,8.78,0.57,24.2,,,3.78690437059123,1.5713296143532074
NGC6681,1,121,2.8798,0.15,0.007,0.152,0.01,0.147,0.01,9.36,2.16,3.04,105000.0,2.29,8.71,0.07,27.47,,,0.1306810559232055,0.0605004888533359
NGC6681,2,192,7.3722,0.144,0.005,0.141,0.007,0.146,0.008,9.36,2.16,3.04,105000.0,2.29,8.71,0.07,27.47,,,0.3345395098538288,0.1548794027101059
NGC6681,3,140,11.736,0.138,0.006,0.141,0.009,0.134,0.008,9.36,2.16,3.04,105000.0,2.29,8.71,0.07,27.47,,,0.5325622863791725,0.2465566140644317
NGC6681,4,139,15.2272,0.125,0.005,0.13,0.008,0.122,0.008,9.36,2.16,3.04,105000.0,2.29,8.71,0.07,27.47,,,0.6909877681623154,0.3199017445195904
NGC6681,5,139,18.9256,0.128,0.006,0.128,0.008,0.13,0.008,9.36,2.16,3.04,105000.0,2.29,8.71,0.07,27.47,,,0.8588156788597192,0.397599851323944
NGC6681,6,139,23.0955,0.123,0.005,0.13,0.008,0.118,0.008,9.36,2.16,3.04,105000.0,2.29,8.71,0.07,27.47,,,1.0480395607592174,0.4852035003514895
NGC6681,7,139,27.7289,0.122,0.005,0.126,0.008,0.118,0.007,9.36,2.16,3.04,105000.0,2.29,8.71,0.07,27.47,,,1.258296385717402,0.5825446230173158
NGC6681,8,139,32.196,0.12,0.005,0.127,0.008,0.115,0.007,9.36,2.16,3.04,105000.0,2.29,8.71,0.07,27.47,,,1.4610067631444985,0.6763920199743048
NGC6681,9,139,37.9567,0.12,0.005,0.113,0.007,0.127,0.008,9.36,2.16,3.04,105000.0,2.29,8.71,0.07,27.47,,,1.722418791360628,0.7974161071114019
NGC6681,10,139,44.0388,0.106,0.005,0.102,0.007,0.111,0.007,9.36,2.16,3.04,105000.0,2.29,8.71,0.07,27.47,,,1.9984154752381644,0.9251923496472982
NGC6681,11,139,51.2332,0.105,0.005,0.105,0.007,0.104,0.007,9.36,2.16,3.04,105000.0,2.29,8.71,0.07,27.47,,,2.324886684604756,1.0763364280577572
NGC6681,12,139,58.7249,0.103,0.005,0.11,0.007,0.096,0.006,9.36,2.16,3.04,105000.0,2.29,8.71,0.07,27.47,,,2.6648489273507376,1.233726355254971
NGC6681,13,139,70.0132,0.097,0.004,0.095,0.006,0.099,0.006,9.36,2.16,3.04,105000.0,2.29,8.71,0.07,27.47,,,3.1770952512544537,1.470877431136321
NGC6681,14,139,86.5454,0.086,0.004,0.096,0.006,0.075,0.005,9.36,2.16,3.04,105000.0,2.29,8.71,0.07,27.47,,,3.927301985310159,1.818195363569518
NGC6715,1,90,7.7625,0.154,0.009,0.165,0.013,0.141,0.011,26.28,3.58,5.78,1590000.0,18.51,9.76,0.55,279.15,0.57,18.5,0.9890117082394008,0.2762602536981566
NGC6715,2,157,13.0404,0.128,0.005,0.127,0.008,0.127,0.008,26.28,3.58,5.78,1590000.0,18.51,9.76,0.55,279.15,0.57,18.5,1.661463224492764,0.4640958727633419
NGC6715,3,157,17.0293,0.119,0.005,0.123,0.007,0.115,0.007,26.28,3.58,5.78,1590000.0,18.51,9.76,0.55,279.15,0.57,18.5,2.1696846483892083,0.6060571643545274
NGC6715,4,157,20.194,0.12,0.005,0.13,0.008,0.115,0.007,26.28,3.58,5.78,1590000.0,18.51,9.76,0.55,279.15,0.57,18.5,2.5728956439531667,0.7186859340651304
NGC6715,5,157,22.6482,0.118,0.005,0.116,0.007,0.12,0.008,26.28,3.58,5.78,1590000.0,18.51,9.76,0.55,279.15,0.57,18.5,2.8855826049014617,0.8060286605870004
NGC6715,6,157,24.545,0.116,0.005,0.115,0.007,0.118,0.007,26.28,3.58,5.78,1590000.0,18.51,9.76,0.55,279.15,0.57,18.5,3.127251836230093,0.8735340324665064
NGC6715,7,157,26.2798,0.11,0.005,0.122,0.008,0.094,0.006,26.28,3.58,5.78,1590000.0,18.51,9.76,0.55,279.15,0.57,18.5,3.348280823212857,0.9352739729644852
NGC6715,8,157,28.5794,0.101,0.005,0.107,0.007,0.097,0.006,26.28,3.58,5.78,1590000.0,18.51,9.76,0.55,279.15,0.57,18.5,3.641270365791579,1.0171146273160834
NGC6715,9,156,30.6242,0.115,0.005,0.12,0.008,0.109,0.007,26.28,3.58,5.78,1590000.0,18.51,9.76,0.55,279.15,0.57,18.5,3.901796116646062,1.0898871834206878
NGC6715,10,156,32.6795,0.115,0.005,0.12,0.008,0.112,0.007,26.28,3.58,5.78,1590000.0,18.51,9.76,0.55,279.15,0.57,18.5,4.163659661115554,1.1630334248926129
NGC6715,11,156,35.3055,0.104,0.005,0.11,0.007,0.099,0.006,26.28,3.58,5.78,1590000.0,18.51,9.76,0.55,279.15,0.57,18.5,4.498235473783725,1.2564903558055098
NGC6715,12,156,38.072,0.1,0.005,0.098,0.006,0.103,0.007,26.28,3.58,5.78,1590000.0,18.51,9.76,0.55,279.15,0.57,18.5,4.850712239109883,1.3549475528239896
NGC6715,13,156,42.4927,0.095,0.004,0.096,0.006,0.094,0.006,26.28,3.58,5.78,1590000.0,18.51,9.76,0.55,279.15,0.57,18.5,5.413948832812159,1.512276210282726
NGC6715,14,156,49.5454,0.088,0.004,0.091,0.006,0.084,0.005,26.28,3.58,5.78,1590000.0,18.51,9.76,0.55,279.15,0.57,18.5,6.312525692676896,1.7632753331499709
NGC6715,15,156,59.6114,0.095,0.004,0.098,0.006,0.095,0.006,26.28,3.58,5.78,1590000.0,18.51,9.76,0.55,279.15,0.57,18.5,7.595023838266309,2.121515038621874
NGC6715,16,156,74.9231,0.101,0.005,0.111,0.007,0.09,0.006,26.28,3.58,5.78,1590000.0,18.51,9.76,0.55,279.15,0.57,18.5,9.545870933023055,2.666444394699177
NGC6723,1,91,10.1496,0.149,0.008,0.152,0.012,0.148,0.012,8.27,3.64,5.07,197000.0,2.47,9.23,1.48,38.54,0.84,93.0,0.406938608101229,0.111796320906931
NGC6723,2,110,19.8719,0.156,0.008,0.166,0.012,0.143,0.011,8.27,3.64,5.07,197000.0,2.47,9.23,1.48,38.54,0.84,93.0,0.7967450270283373,0.2188859964363564
NGC6723,3,110,26.4653,0.15,0.008,0.147,0.011,0.154,0.011,8.27,3.64,5.07,197000.0,2.47,9.23,1.48,38.54,0.84,93.0,1.0611011611276753,0.2915113080021085
NGC6723,4,110,33.429,0.145,0.007,0.17,0.012,0.121,0.009,8.27,3.64,5.07,197000.0,2.47,9.23,1.48,38.54,0.84,93.0,1.3403041233364847,0.3682154184990343
NGC6723,5,110,39.6788,0.142,0.007,0.144,0.011,0.141,0.011,8.27,3.64,5.07,197000.0,2.47,9.23,1.48,38.54,0.84,93.0,1.5908839405618986,0.4370560276268952
NGC6723,6,110,46.3131,0.132,0.007,0.127,0.009,0.138,0.01,8.27,3.64,5.07,197000.0,2.47,9.23,1.48,38.54,0.84,93.0,1.8568799214602567,0.5101318465550156
NGC6723,7,110,52.7583,0.149,0.008,0.155,0.011,0.143,0.011,8.27,3.64,5.07,197000.0,2.47,9.23,1.48,38.54,0.84,93.0,2.115294116791506,0.5811247573603038
NGC6723,8,110,58.6263,0.131,0.007,0.135,0.01,0.124,0.009,8.27,3.64,5.07,197000.0,2.47,9.23,1.48,38.54,0.84,93.0,2.3505660242891424,0.6457598967827314
NGC6723,9,109,66.0272,0.132,0.007,0.131,0.01,0.131,0.01,8.27,3.64,5.07,197000.0,2.47,9.23,1.48,38.54,0.84,93.0,2.647298106804353,0.7272796996715255
NGC6723,10,109,73.1544,0.128,0.007,0.14,0.01,0.111,0.009,8.27,3.64,5.07,197000.0,2.47,9.23,1.48,38.54,0.84,93.0,2.933056446803868,0.8057847381329308
NGC6723,11,109,84.6906,0.117,0.006,0.112,0.009,0.124,0.009,8.27,3.64,5.07,197000.0,2.47,9.23,1.48,38.54,0.84,93.0,3.3955894698567377,0.932854249960642
NGC7078,1,61,3.8931,0.235,0.015,0.23,0.021,0.239,0.022,10.71,2.03,3.66,518000.0,10.76,9.21,0.06,132.13,3.29,100.0,0.2021433641189731,0.0995780118812676
NGC7078,2,286,8.4825,0.226,0.007,0.225,0.01,0.227,0.01,10.71,2.03,3.66,518000.0,10.76,9.21,0.06,132.13,3.29,100.0,0.440441058832085,0.2169660388335394
NGC7078,3,286,12.6527,0.222,0.007,0.225,0.01,0.221,0.01,10.71,2.03,3.66,518000.0,10.76,9.21,0.06,132.13,3.29,100.0,0.656972423823722,0.3236317358737547
NGC7078,4,286,16.4859,0.218,0.007,0.222,0.009,0.214,0.009,10.71,2.03,3.66,518000.0,10.76,9.21,0.06,132.13,3.29,100.0,0.8560055705039635,0.4216776209379131
NGC7078,5,285,19.581,0.222,0.007,0.229,0.01,0.216,0.009,10.71,2.03,3.66,518000.0,10.76,9.21,0.06,132.13,3.29,100.0,1.0167139844374955,0.5008443273091111
NGC7078,6,285,22.5622,0.208,0.006,0.216,0.009,0.2,0.009,10.71,2.03,3.66,518000.0,10.76,9.21,0.06,132.13,3.29,100.0,1.171508312122755,0.5770976907008646
NGC7078,7,285,25.5847,0.227,0.007,0.232,0.01,0.221,0.01,10.71,2.03,3.66,518000.0,10.76,9.21,0.06,132.13,3.29,100.0,1.3284470802123485,0.6544074286760337
NGC7078,8,285,28.6104,0.209,0.006,0.214,0.009,0.206,0.009,10.71,2.03,3.66,518000.0,10.76,9.21,0.06,132.13,3.29,100.0,1.4855520034906553,0.7317990164978598
NGC7078,9,285,31.8959,0.215,0.007,0.22,0.01,0.208,0.009,10.71,2.03,3.66,518000.0,10.76,9.21,0.06,132.13,3.29,100.0,1.6561466511526437,0.8158357887451447
NGC7078,10,285,35.2029,0.194,0.006,0.194,0.008,0.194,0.009,10.71,2.03,3.66,518000.0,10.76,9.21,0.06,132.13,3.29,100.0,1.8278576539888007,0.9004224896496559
NGC7078,11,285,38.6231,0.191,0.006,0.209,0.009,0.172,0.008,10.71,2.03,3.66,518000.0,10.76,9.21,0.06,132.13,3.29,100.0,2.0054463966257,0.9879046288796552
NGC7078,12,285,42.1999,0.195,0.006,0.2,0.009,0.19,0.008,10.71,2.03,3.66,518000.0,10.76,9.21,0.06,132.13,3.29,100.0,2.191166358810269,1.079392294980428
NGC7078,13,285,46.1795,0.181,0.006,0.194,0.009,0.168,0.007,10.71,2.03,3.66,518000.0,10.76,9.21,0.06,132.13,3.29,100.0,2.3978011053741546,1.1811828105291402
NGC7078,14,285,50.2542,0.178,0.006,0.19,0.008,0.165,0.007,10.71,2.03,3.66,518000.0,10.76,9.21,0.06,132.13,3.29,100.0,2.609373776452621,1.285405801208188
NGC7078,15,285,54.7929,0.189,0.006,0.205,0.009,0.175,0.008,10.71,2.03,3.66,518000.0,10.76,9.21,0.06,132.13,3.29,100.0,2.845038949894554,1.4014970196524896
NGC7078,16,285,60.1687,0.175,0.005,0.187,0.008,0.162,0.007,10.71,2.03,3.66,518000.0,10.76,9.21,0.06,132.13,3.29,100.0,3.1241692822340195,1.5389996464206994
NGC7078,17,285,65.599,0.163,0.005,0.166,0.007,0.161,0.007,10.71,2.03,3.66,518000.0,10.76,9.21,0.06,132.13,3.29,100.0,3.406129445131264,1.6778962783897853
NGC7078,18,285,71.4723,0.169,0.005,0.18,0.008,0.153,0.007,10.71,2.03,3.66,518000.0,10.76,9.21,0.06,132.13,3.29,100.0,3.711091716966039,1.8281239985054385
NGC7078,19,285,78.3571,0.16,0.005,0.172,0.008,0.147,0.007,10.71,2.03,3.66,518000.0,10.76,9.21,0.06,132.13,3.29,100.0,4.068574605483238,2.004223943587802
NGC7078,20,285,86.3411,0.153,0.005,0.166,0.007,0.141,0.006,10.71,2.03,3.66,518000.0,10.76,9.21,0.06,132.13,3.29,100.0,4.48313180132354,2.208439310996818
NGC7078,21,285,99.8755,0.151,0.005,0.163,0.007,0.138,0.006,10.71,2.03,3.66,518000.0,10.76,9.21,0.06,132.13,3.29,100.0,5.1858851719874925,2.5546232374322626
NGC7099,1,101,4.7085,0.157,0.008,0.153,0.011,0.16,0.012,8.46,2.54,4.27,121000.0,7.36,9.01,0.09,71.2,1.1,100.0,0.1931200639953458,0.0760315212580101
NGC7099,2,101,11.1876,0.137,0.007,0.16,0.012,0.11,0.008,8.46,2.54,4.27,121000.0,7.36,9.01,0.09,71.2,1.1,100.0,0.4588616391535161,0.1806541886431165
NGC7099,3,101,15.1521,0.13,0.007,0.13,0.01,0.134,0.01,8.46,2.54,4.27,121000.0,7.36,9.01,0.09,71.2,1.1,100.0,0.6214663951712602,0.2446718091225433
NGC7099,4,101,19.2833,0.128,0.007,0.129,0.01,0.142,0.011,8.46,2.54,4.27,121000.0,7.36,9.01,0.09,71.2,1.1,100.0,0.7909083848447387,0.3113812538758814
NGC7099,5,101,24.381,0.128,0.007,0.148,0.011,0.109,0.009,8.46,2.54,4.27,121000.0,7.36,9.01,0.09,71.2,1.1,100.0,0.9999915642498728,0.3936974662401074
NGC7099,6,101,30.0602,0.125,0.007,0.125,0.01,0.124,0.01,8.46,2.54,4.27,121000.0,7.36,9.01,0.09,71.2,1.1,100.0,1.2329250818122317,0.4854035755166266
NGC7099,7,101,35.796,0.123,0.007,0.133,0.01,0.114,0.009,8.46,2.54,4.27,121000.0,7.36,9.01,0.09,71.2,1.1,100.0,1.4681800596320267,0.57802364552442
NGC7099,8,101,41.0291,0.116,0.006,0.115,0.009,0.117,0.009,8.46,2.54,4.27,121000.0,7.36,9.01,0.09,71.2,1.1,100.0,1.6828166969674936,0.6625262586486195
NGC7099,9,101,48.1586,0.121,0.007,0.129,0.01,0.113,0.009,8.46,2.54,4.27,121000.0,7.36,9.01,0.09,71.2,1.1,100.0,1.9752345574867285,0.7776514005853261
NGC7099,10,101,56.6161,0.11,0.006,0.116,0.009,0.103,0.008,8.46,2.54,4.27,121000.0,7.36,9.01,0.09,71.2,1.1,100.0,2.3221206021380265,0.91422070950316
NGC7099,11,101,65.0013,0.107,0.006,0.113,0.009,0.102,0.008,8.46,2.54,4.27,121000.0,7.36,9.01,0.09,71.2,1.1,100.0,2.6660412479092432,1.0496225385469462
NGC7099,12,100,74.4886,0.109,0.006,0.106,0.008,0.112,0.009,8.46,2.54,4.27,121000.0,7.36,9.01,0.09,71.2,1.1,100.0,3.0551647443822274,1.202820765504814
NGC7099,13,100,87.3989,0.099,0.005,0.099,0.008,0.101,0.008,8.46,2.54,4.27,121000.0,7.36,9.01,0.09,71.2,1.1,100.0,3.5846832666715147,1.4112926246738249
